{
    "total_queries": 83,
    "successful_queries": 83,
    "metrics": {
        "semantic_relativity": {
            "top1": [
                0.6333132530120482,
                0.05489870686799357
            ],
            "top5": [
                0.5975839357429718,
                0.04835893004429197
            ]
        },
        "spatial_relativity": [
            0.29216029170049274,
            0.03939565664411197
        ],
        "semantic_spatial_score": {
            "top1": [
                0.19219892982359635,
                0.03342368641951611
            ],
            "top5": [
                0.17794409953947588,
                0.029397985952554776
            ]
        }
    },
    "timestamp": "2025-01-20T01:12:44.907634"
}