{
    "total_queries": 49,
    "successful_queries": 49,
    "metrics": {
        "semantic_relativity": {
            "top1": [
                0.5653061224489796,
                0.10317793200133789
            ],
            "top5": [
                0.47926530612244894,
                0.09461934351530064
            ]
        },
        "spatial_relativity": [
            0.6097519998561447,
            0.013991809585594352
        ],
        "semantic_spatial_score": {
            "top1": [
                0.34589944697619623,
                0.06422706871468052
            ],
            "top5": [
                0.2935337118563731,
                0.05863781224627013
            ]
        }
    },
    "timestamp": "2025-01-20T02:09:37.130390"
}