{
    "total_queries": 50,
    "successful_queries": 50,
    "metrics": {
        "semantic_relativity": {
            "top1": [
                0.6553,
                0.09884486137799914
            ],
            "top5": [
                0.522786,
                0.08995231182883613
            ]
        },
        "spatial_relativity": [
            0.3219163015937177,
            0.051266310847781854
        ],
        "semantic_spatial_score": {
            "top1": [
                0.22422994140110944,
                0.05400463446776063
            ],
            "top5": [
                0.1828247026993232,
                0.045583020460007076
            ]
        }
    },
    "timestamp": "2025-01-20T00:12:17.649566"
}