{
    "total_queries": 83,
    "successful_queries": 83,
    "metrics": {
        "semantic_relativity": {
            "top1": [
                0.6144578313253011,
                0.058535486801383006
            ],
            "top5": [
                0.5700759036144578,
                0.05298487942116813
            ]
        },
        "spatial_relativity": [
            0.2828247840371722,
            0.03392553024845815
        ],
        "semantic_spatial_score": {
            "top1": [
                0.17487747133631681,
                0.02957987691671911
            ],
            "top5": [
                0.15974835462173168,
                0.024752908586660443
            ]
        }
    },
    "timestamp": "2025-01-20T01:07:22.510034"
}