{
    "total_queries": 83,
    "successful_queries": 83,
    "metrics": {
        "semantic_relativity": {
            "top1": [
                0.6569156626506025,
                0.04349689145436888
            ],
            "top5": [
                0.6211349397590362,
                0.041382155067719154
            ]
        },
        "spatial_relativity": [
            0.615066422019895,
            0.010193152030374795
        ],
        "semantic_spatial_score": {
            "top1": [
                0.40441888978688034,
                0.02799756284618686
            ],
            "top5": [
                0.3822708854185075,
                0.026395100137885312
            ]
        }
    },
    "timestamp": "2025-01-20T02:53:26.216125"
}