{
    "total_queries": 50,
    "successful_queries": 50,
    "metrics": {
        "semantic_relativity": {
            "top1": [
                0.6304,
                0.09547536615076134
            ],
            "top5": [
                0.535216,
                0.09151952407426842
            ]
        },
        "spatial_relativity": [
            0.6181594154715846,
            0.013297919550724928
        ],
        "semantic_spatial_score": {
            "top1": [
                0.38722726301301885,
                0.058659161957801624
            ],
            "top5": [
                0.32963207927910887,
                0.05652139306845819
            ]
        }
    },
    "timestamp": "2025-01-20T02:11:38.990623"
}