{
    "total_queries": 83,
    "successful_queries": 83,
    "metrics": {
        "semantic_relativity": {
            "top1": [
                0.696144578313253,
                0.04159799165030396
            ],
            "top5": [
                0.6376867469879517,
                0.03853736876195336
            ]
        },
        "spatial_relativity": [
            0.6066348667382719,
            0.011349708270280666
        ],
        "semantic_spatial_score": {
            "top1": [
                0.42228649223454845,
                0.02630070698908918
            ],
            "top5": [
                0.385704238871712,
                0.023507445041628716
            ]
        }
    },
    "timestamp": "2025-01-20T02:59:41.661366"
}