{
    "total_queries": 50,
    "successful_queries": 50,
    "metrics": {
        "semantic_relativity": {
            "top1": [
                0.4646,
                0.10767068213591324
            ],
            "top5": [
                0.37242,
                0.09140034829748815
            ]
        },
        "spatial_relativity": [
            0.3210425322116898,
            0.047714975364287295
        ],
        "semantic_spatial_score": {
            "top1": [
                0.1634765300929151,
                0.051214693001222035
            ],
            "top5": [
                0.13107457534627734,
                0.04247823626691142
            ]
        }
    },
    "timestamp": "2025-01-20T00:24:23.792050"
}